bvn_currencyid,balance
22834090081_1,41.97559086661745
22834090081_2,233.15164433389631
22834090081_3,44.08201161276773
22834090081_4,12380.006190554954
22834090081_5,32499.88760033105
22834090081_6,247156.9316209624
22834090081_7,13697.690541847332
22834090081_8,49142.52897974054
22834090081_9,24151.703886004616
22834090081_10,116576.96589140405
22833078224_1,82.7028154177964
22833078224_2,467.8144765821909
22833078224_3,302.1668441744408
22833078224_4,393.1421708021393
22833078224_5,499510.71720580553
22833078224_6,61951.14610144935
22833078224_7,16416.61413408997
22833078224_8,45039.568622440034
22833078224_9,39236.39806377029
22833078224_10,179212.15113689395
22135251903_1,51.38168291020024
22135251903_2,438.9387888679764
22135251903_3,4501.488113658593
22135251903_4,18434.01438830459
22135251903_5,438547.9714697651
22135251903_6,104041.5994452969
22135251903_7,14716.385243151883
22135251903_8,36757.476864708726
22135251903_9,22920.52291062986
22135251903_10,50196.674619409976
22554617901_1,21.443603629734948
22554617901_2,40.977722670362624
22554617901_3,6626.701395191787
22554617901_4,4377.02134804179
22554617901_5,300595.19361278496
22554617901_6,45298.373488038495
22554617901_7,9255.770846618077
22554617901_8,46880.58074566853
22554617901_9,23500.786214181637
22554617901_10,121409.13906379389
22368948987_1,177.75671508223977
22368948987_2,428.2505680743925
22368948987_3,9781.243098170093
22368948987_4,17970.379043159675
22368948987_5,238123.40803813384
22368948987_6,368181.02029223775
22368948987_7,5489.696619413337
22368948987_8,65536.4900028217
22368948987_9,8054.297680653732
22368948987_10,21850.501739501404
22899319694_1,71.7223907704288
22899319694_2,11.588560227916682
22899319694_3,3452.5819938485756
22899319694_4,6434.2889555435695
22899319694_5,304914.8250235917
22899319694_6,390493.5719114865
22899319694_7,5864.746223686868
22899319694_8,58360.04042912968
22899319694_9,14593.220246119465
22899319694_10,170855.95983919982
22788952030_1,117.57954182958804
22788952030_2,493.5784264792803
22788952030_3,4793.824098695521
22788952030_4,7736.717954449425
22788952030_5,492563.4896752483
22788952030_6,157400.25590645094
22788952030_7,7725.263747655673
22788952030_8,49744.948022682605
22788952030_9,28159.2399846983
22788952030_10,137786.74130860143
22501120389_1,102.09989366256205
22501120389_2,88.86893033839966
22501120389_3,5064.273123493967
22501120389_4,10337.820870647813
22501120389_5,372344.82617820235
22501120389_6,400743.59687382483
22501120389_7,8608.819720706464
22501120389_8,221.52389344168856
22501120389_9,38477.918856136595
22501120389_10,180983.8285641598
22709436515_1,168.53441740185752
22709436515_2,127.18703122888967
22709436515_3,2785.6550913966626
22709436515_4,14134.506920959098
22709436515_5,258848.0506667237
22709436515_6,257265.6156210867
22709436515_7,10722.266781252274
22709436515_8,19844.199770614636
22709436515_9,20154.312413952004
22709436515_10,188135.26148628583
22966043574_1,76.61543659983451
22966043574_2,231.82419937388744
22966043574_3,8207.159099089587
22966043574_4,16778.233180831
22966043574_5,485915.7739740877
22966043574_6,274426.57301577646
22966043574_7,9205.750368449457
22966043574_8,14689.015241285737
22966043574_9,49852.574861863664
22966043574_10,74179.00055868585
22497048343_1,99.40422957961793
22497048343_2,292.94647731333464
22497048343_3,1124.27472290052
22497048343_4,11697.920896975567
22497048343_5,380466.74898263876
22497048343_6,311426.3095716165
22497048343_7,9640.949551248528
22497048343_8,9644.543519304378
22497048343_9,20680.006602164915
22497048343_10,114909.46884611112
22679370886_1,81.28245235962302
22679370886_2,493.9556665590536
22679370886_3,7067.0918927239245
22679370886_4,9826.226158031448
22679370886_5,449311.10691934946
22679370886_6,416661.7227818799
22679370886_7,2200.270365408434
22679370886_8,21683.932688212826
22679370886_9,6910.401379443781
22679370886_10,102404.5170203337
22998994567_1,158.1135123863639
22998994567_2,417.2614338549649
22998994567_3,5637.761030556494
22998994567_4,17070.555382960254
22998994567_5,75921.94241916196
22998994567_6,492434.0221877202
22998994567_7,2164.7817470038003
22998994567_8,56283.45498389767
22998994567_9,46603.17696731508
22998994567_10,172410.76820995423
22005447501_1,37.83062890593856
22005447501_2,157.7325150641262
22005447501_3,8588.77176270286
22005447501_4,19066.031475532272
22005447501_5,422985.85146895103
22005447501_6,100804.07859503255
22005447501_7,375.8265010210379
22005447501_8,13427.797226657389
22005447501_9,46238.403796806735
22005447501_10,77637.55387243806
22166426354_1,52.530960218421114
22166426354_2,498.5973738996297
22166426354_3,4146.962739876039
22166426354_4,11280.481998933843
22166426354_5,102987.9970478576
22166426354_6,337791.4526306981
22166426354_7,9716.054553774675
22166426354_8,50458.09912845968
22166426354_9,27495.36233547695
22166426354_10,128009.0477256704
22678401665_1,124.82722206180138
22678401665_2,146.31453456214902
22678401665_3,8065.218639073959
22678401665_4,12118.014734869446
22678401665_5,491538.6136303584
22678401665_6,502953.29764079617
22678401665_7,14924.879632624436
22678401665_8,30565.26756158718
22678401665_9,13974.463116782712
22678401665_10,4987.745698970337
22498378787_1,188.71165966342278
22498378787_2,88.76970608168811
22498378787_3,6603.944611623092
22498378787_4,18479.292659894712
22498378787_5,464935.5220350738
22498378787_6,333139.7397288091
22498378787_7,18472.163475512887
22498378787_8,13474.23869833887
22498378787_9,24230.8604102241
22498378787_10,78908.35125826414
22930235829_1,24.047213539249867
22930235829_2,10.079928619338528
22930235829_3,2351.676549701741
22930235829_4,299.9402434189524
22930235829_5,396417.33970706095
22930235829_6,213877.65086345072
22930235829_7,2510.5642590081884
22930235829_8,26236.38432912588
22930235829_9,42711.57451413667
22930235829_10,2696.6133524741567
22913217740_1,38.74724198339324
22913217740_2,457.5570674691746
22913217740_3,9361.431418001725
22913217740_4,8135.015273623589
22913217740_5,213035.42457113857
22913217740_6,233680.0761260816
22913217740_7,17314.872292388674
22913217740_8,50242.40746738641
22913217740_9,1123.6752532961275
22913217740_10,40493.96553460018
22013453538_1,169.89828443140533
22013453538_2,311.2667796441075
22013453538_3,486.8636389983961
22013453538_4,4762.489973774097
22013453538_5,264015.6263704577
22013453538_6,356012.8392752787
22013453538_7,11748.470950532297
22013453538_8,45102.79407342906
22013453538_9,43767.69484168938
22013453538_10,150847.80018806565
22573753452_1,79.25007266092591
22573753452_2,396.7048669583047
22573753452_3,7084.2412063577885
22573753452_4,798.5468591093646
22573753452_5,437386.3367789102
22573753452_6,116617.44975929156
22573753452_7,13435.18663809122
22573753452_8,64062.28898473711
22573753452_9,13185.671252710657
22573753452_10,138286.30767182756
22930944376_1,65.93318749390701
22930944376_2,32.46630224127359
22930944376_3,6268.0673618726205
22930944376_4,4569.135013875651
22930944376_5,37377.62805169883
22930944376_6,195787.96665881676
22930944376_7,7399.336268221196
22930944376_8,29300.324840043933
22930944376_9,25416.090133145004
22930944376_10,37207.61179675212
22160559346_1,150.57662429491504
22160559346_2,169.25124839690244
22160559346_3,2094.2879112942046
22160559346_4,12770.656371021647
22160559346_5,444308.7988338978
22160559346_6,228531.20707968384
22160559346_7,2247.3817020406977
22160559346_8,9107.078200233
22160559346_9,48482.160703659196
22160559346_10,182685.0183700806
22386115367_1,143.37393320613006
22386115367_2,167.22954146600742
22386115367_3,4721.798788693301
22386115367_4,17644.132300627796
22386115367_5,161446.4763192549
22386115367_6,426367.884482421
22386115367_7,15170.723272714658
22386115367_8,24368.789143212547
22386115367_9,8100.438569405171
22386115367_10,6581.222191525416
22917441375_1,6.11203493033853
22917441375_2,207.97611348958787
22917441375_3,8238.225187489767
22917441375_4,1836.5603827004932
22917441375_5,46487.311903178204
22917441375_6,444000.5894696584
22917441375_7,15324.88062061718
22917441375_8,47269.59665599107
22917441375_9,43603.471345109436
22917441375_10,157399.37429372076
22092445259_1,192.3572424023065
22092445259_2,491.1803147435724
22092445259_3,6349.485034300761
22092445259_4,15590.493965488122
22092445259_5,109753.10585125876
22092445259_6,526773.673819855
22092445259_7,270.08347894773726
22092445259_8,53915.95507161949
22092445259_9,37970.04694186676
22092445259_10,165875.23789019353
22944448801_1,88.70425808519975
22944448801_2,458.8212942005221
22944448801_3,6318.728454148009
22944448801_4,14845.92948200228
22944448801_5,41825.08660093209
22944448801_6,30782.22014915544
22944448801_7,6935.852450055364
22944448801_8,42051.57970124583
22944448801_9,5845.175967094766
22944448801_10,76744.64679769201
22981270359_1,59.74006275068709
22981270359_2,456.17056826395736
22981270359_3,5123.077801340521
22981270359_4,4661.5109163028965
22981270359_5,376597.51401327265
22981270359_6,506398.3107856671
22981270359_7,15992.702808737518
22981270359_8,68888.69354892203
22981270359_9,15298.751715934615
22981270359_10,4532.915546258402
22742408192_1,135.53523341245565
22742408192_2,195.6813337844634
22742408192_3,9916.133586648752
22742408192_4,7601.001368048693
22742408192_5,418491.96247799334
22742408192_6,13889.153043618118
22742408192_7,8707.820859057872
22742408192_8,47013.202123309435
22742408192_9,40280.02649529521
22742408192_10,68308.9835338171
22272558129_1,103.29291625356137
22272558129_2,52.75990829654934
22272558129_3,527.1674221413332
22272558129_4,18373.918830466282
22272558129_5,419752.7344951299
22272558129_6,245793.90711953436
22272558129_7,3686.900581525915
22272558129_8,35212.23157917941
22272558129_9,7995.409069639043
22272558129_10,166723.531893242
22778111140_1,153.74946558417483
22778111140_2,169.00712932879657
22778111140_3,8988.654950489403
22778111140_4,64.44075809671371
22778111140_5,201946.73115660343
22778111140_6,81803.16260100235
22778111140_7,18589.70040874535
22778111140_8,46404.66369475377
22778111140_9,35365.4738778043
22778111140_10,181030.54959911443
22072398534_1,145.2855580879733
22072398534_2,234.24496649459468
22072398534_3,8836.929879434676
22072398534_4,19068.206230092488
22072398534_5,183394.46688091045
22072398534_6,164267.22871393588
22072398534_7,12457.247827560679
22072398534_8,4704.672692490832
22072398534_9,6938.639394961098
22072398534_10,173815.61988326692
22071353257_1,11.847085647899624
22071353257_2,85.49967058479436
22071353257_3,9456.137085191134
22071353257_4,6264.698819456046
22071353257_5,303742.52981788444
22071353257_6,453997.39503591415
22071353257_7,6562.97510435573
22071353257_8,57118.982340278686
22071353257_9,2596.559999868372
22071353257_10,135372.12084996555
22119150269_1,199.540213495806
22119150269_2,319.18920826991473
22119150269_3,6210.008029668282
22119150269_4,1361.0132635698205
22119150269_5,99359.93487216586
22119150269_6,513355.5609626326
22119150269_7,4634.250081211154
22119150269_8,13467.197537702874
22119150269_9,40370.21051135003
22119150269_10,37573.18053230812
22307914343_1,88.78910602620385
22307914343_2,390.97120480356256
22307914343_3,9098.592245112763
22307914343_4,10287.512569974535
22307914343_5,90021.72963395111
22307914343_6,167212.1560644123
22307914343_7,18029.81937789783
22307914343_8,29560.210143027267
22307914343_9,10285.769266170919
22307914343_10,25780.269640191196
22989811160_1,23.689137068225353
22989811160_2,348.9867969124357
22989811160_3,2200.3936990748516
22989811160_4,7135.442441213762
22989811160_5,133282.0307161729
22989811160_6,524692.627700285
22989811160_7,14873.214324314446
22989811160_8,24033.60823010883
22989811160_9,18504.97699561646
22989811160_10,20677.378337471204
22301425833_1,18.606919477692436
22301425833_2,273.8095139797073
22301425833_3,1389.0428228334708
22301425833_4,11874.0311399236
22301425833_5,438889.3196397622
22301425833_6,314264.050221409
22301425833_7,6044.8164487665435
22301425833_8,29106.55441399317
22301425833_9,20877.26409362074
22301425833_10,83180.49476191131
22610981942_1,47.47353365235662
22610981942_2,146.29735687766646
22610981942_3,8256.361666012803
22610981942_4,6174.0599618781025
22610981942_5,391606.687718502
22610981942_6,594067.843605708
22610981942_7,15369.964126856232
22610981942_8,7904.48201625298
22610981942_9,26312.142080092177
22610981942_10,181099.86494122943
22830378566_1,6.663105172969499
22830378566_2,272.7134030246263
22830378566_3,692.5568249639525
22830378566_4,6068.850188326107
22830378566_5,327646.0645334396
22830378566_6,511057.06474986294
22830378566_7,8784.481620789385
22830378566_8,37297.87297558045
22830378566_9,23923.369046168296
22830378566_10,38144.01046433464
22495767480_1,36.80621254326324
22495767480_2,383.3765259173899
22495767480_3,8889.638528900512
22495767480_4,6455.274546523152
22495767480_5,402157.0825524926
22495767480_6,372179.6591737315
22495767480_7,17837.460848655614
22495767480_8,53760.09169477642
22495767480_9,27512.709155332992
22495767480_10,31187.407490369074
22021535069_1,120.75787552778081
22021535069_2,433.3042604678278
22021535069_3,67.43926011471159
22021535069_4,11710.511669419531
22021535069_5,430560.54197420034
22021535069_6,71904.53183817343
22021535069_7,4477.972346093887
22021535069_8,40106.380847204484
22021535069_9,12691.657122272534
22021535069_10,189635.96829303098
22851662145_1,88.23918250588358
22851662145_2,430.79600418564587
22851662145_3,8248.948388914429
22851662145_4,14009.179494733133
22851662145_5,239688.4362577615
22851662145_6,313890.5567179141
22851662145_7,9023.15423214441
22851662145_8,29000.878207488615
22851662145_9,31598.999485066728
22851662145_10,71147.73244792072
22958258473_1,123.17360352348209
22958258473_2,414.7469608301558
22958258473_3,1729.441027364686
22958258473_4,1663.6429002517575
22958258473_5,63681.2914715464
22958258473_6,266483.44681877457
22958258473_7,15321.38923602897
22958258473_8,33653.87339870609
22958258473_9,48134.107411190314
22958258473_10,160026.08461779018
22930332207_1,171.25210733019554
22930332207_2,241.66521075357926
22930332207_3,4508.885342369511
22930332207_4,5533.701489523602
22930332207_5,376243.180314315
22930332207_6,392832.60829701985
22930332207_7,14369.623590754478
22930332207_8,61813.3238942407
22930332207_9,26771.525912181827
22930332207_10,82851.61828509074
22198931845_1,185.26370119457818
22198931845_2,342.22388461576156
22198931845_3,2409.077964929421
22198931845_4,7372.698386805235
22198931845_5,236379.2776930046
22198931845_6,594302.3631998206
22198931845_7,12010.446586720029
22198931845_8,7313.157885438802
22198931845_9,44944.88776654334
22198931845_10,65464.22669995253
22735105821_1,130.00486208846826
22735105821_2,40.752242641555036
22735105821_3,1764.6571225164569
22735105821_4,712.3221912534189
22735105821_5,202516.81054669493
22735105821_6,560844.0500003985
22735105821_7,11984.523250351735
22735105821_8,34313.46048077364
22735105821_9,10692.20650941098
22735105821_10,96849.1227303844
22814599735_1,136.49278821030853
22814599735_2,356.7637834063198
22814599735_3,8510.565040165262
22814599735_4,9252.289390022135
22814599735_5,371100.62711478386
22814599735_6,581870.7134609737
22814599735_7,5009.189109584195
22814599735_8,43508.135902884904
22814599735_9,42475.01905859876
22814599735_10,161813.68170226493
22048873718_1,122.38226481081382
22048873718_2,432.5990422779739
22048873718_3,7769.128515002547
22048873718_4,18845.259193928086
22048873718_5,418163.6171921926
22048873718_6,240150.24167320417
22048873718_7,18678.004028627565
22048873718_8,27903.935822660256
22048873718_9,26408.329735297953
22048873718_10,171989.36096436338
22695884252_1,118.39016942616816
22695884252_2,327.9929099283457
22695884252_3,6359.469590379293
22695884252_4,663.5581986183652
22695884252_5,264655.9254689535
22695884252_6,416308.19698779506
22695884252_7,13640.07858502828
22695884252_8,49445.466269754805
22695884252_9,14758.07102651758
22695884252_10,55722.5106149999
22144065389_1,45.42203309870993
22144065389_2,39.9348113914751
22144065389_3,7590.9303192557145
22144065389_4,1831.520789493461
22144065389_5,283280.29521917657
22144065389_6,436530.4362387689
22144065389_7,15018.022678025573
22144065389_8,47787.34664791652
22144065389_9,4531.812393043715
22144065389_10,28585.691227723033
22200959322_1,157.2727579991225
22200959322_2,221.41648362037677
22200959322_3,4793.045382023351
22200959322_4,11871.855309515033
22200959322_5,446624.9677610757
22200959322_6,351123.05993850745
22200959322_7,5452.740760952303
22200959322_8,17929.061525366466
22200959322_9,18365.74008138554
22200959322_10,6022.537633717131
22415163482_1,121.49123383134871
22415163482_2,1.2583331385831125
22415163482_3,3491.2407918465765
22415163482_4,11368.215206951707
22415163482_5,270001.6606975897
22415163482_6,483670.1637216956
22415163482_7,6872.200974050104
22415163482_8,24451.264625745018
22415163482_9,21199.902223444216
22415163482_10,159853.37604471145
22872867555_1,121.46442311628739
22872867555_2,396.54076739730095
22872867555_3,1302.5329776841854
22872867555_4,2533.9461955116094
22872867555_5,48959.552327596284
22872867555_6,6247.5445730377
22872867555_7,4041.390972402895
22872867555_8,60150.797929348264
22872867555_9,35313.28684595885
22872867555_10,169252.87760348353
22175241847_1,160.20501030568718
22175241847_2,395.12184413606354
22175241847_3,342.95373633943643
22175241847_4,19163.149491577915
22175241847_5,49801.077906596525
22175241847_6,110843.38906582019
22175241847_7,4524.33769923256
22175241847_8,62545.72777571715
22175241847_9,17256.961383075097
22175241847_10,32224.51475526615
22769055971_1,12.00707136678801
22769055971_2,260.05005823445947
22769055971_3,8993.255202645407
22769055971_4,18187.914759427003
22769055971_5,424834.7322467149
22769055971_6,597354.1491260835
22769055971_7,5132.613435372814
22769055971_8,64547.31018164701
22769055971_9,35037.34951749457
22769055971_10,59941.416506568865
22704087828_1,9.94875589810313
22704087828_2,350.2111972478907
22704087828_3,4675.669961757277
22704087828_4,53.58818384270303
22704087828_5,394593.2493077379
22704087828_6,511059.5576674235
22704087828_7,14590.952487503488
22704087828_8,4301.654111531237
22704087828_9,9318.694888951391
22704087828_10,180526.85076749572
22484669544_1,48.435972775921975
22484669544_2,37.70678154971964
22484669544_3,6232.907532563138
22484669544_4,576.5523254744362
22484669544_5,9095.811933984254
22484669544_6,440773.57538131863
22484669544_7,15528.942077410202
22484669544_8,41014.24710720423
22484669544_9,28667.971244728396
22484669544_10,197604.41755428963
22169715553_1,61.13763282149588
22169715553_2,159.10145304390988
22169715553_3,3417.0508488246955
22169715553_4,8062.947639896197
22169715553_5,42583.29741692443
22169715553_6,119776.79888277898
22169715553_7,18324.1487400572
22169715553_8,32414.678677085314
22169715553_9,33046.42344189065
22169715553_10,16837.805331327923
22697317909_1,123.60382263322369
22697317909_2,466.0186695046689
22697317909_3,7688.811294252608
22697317909_4,9779.85288013188
22697317909_5,378935.292502361
22697317909_6,494964.17645886005
22697317909_7,422.1705001438219
22697317909_8,13800.475174945206
22697317909_9,47374.36894596983
22697317909_10,20898.145760189145
22035692072_1,16.59240848844635
22035692072_2,264.39929066175546
22035692072_3,2098.794372125201
22035692072_4,7383.935854043107
22035692072_5,7185.747098523583
22035692072_6,241766.8281513053
22035692072_7,2473.019189831438
22035692072_8,38905.46886877704
22035692072_9,46177.10155748415
22035692072_10,108113.1935207842
22156584629_1,133.95865959880996
22156584629_2,473.7193651809302
22156584629_3,9195.940406445716
22156584629_4,11414.689397105736
22156584629_5,223643.55794106956
22156584629_6,498677.1148324292
22156584629_7,8213.795304746229
22156584629_8,54464.06560432856
22156584629_9,25251.170917631356
22156584629_10,83244.49995275587
22553862362_1,74.61958870497418
22553862362_2,342.6100356774866
22553862362_3,1392.3537233358404
22553862362_4,706.9469140172273
22553862362_5,240954.07321193686
22553862362_6,242448.98082320695
22553862362_7,9698.924079512793
22553862362_8,5986.639330200684
22553862362_9,39097.31209132542
22553862362_10,66848.55787026562
22557553575_1,12.95904699743592
22557553575_2,101.92473893623715
22557553575_3,2495.7424222586283
22557553575_4,8117.085604024706
22557553575_5,290075.77444201964
22557553575_6,229153.53828826034
22557553575_7,3868.43374985834
22557553575_8,56463.04828210125
22557553575_9,42439.716975596566
22557553575_10,54809.14208408636
22012370445_1,179.74807613571056
22012370445_2,415.71336053752293
22012370445_3,3147.333937084406
22012370445_4,16173.974867423267
22012370445_5,338167.09019751305
22012370445_6,125609.9644312542
22012370445_7,16412.41745868091
22012370445_8,3232.146358659984
22012370445_9,11564.923375591401
22012370445_10,47638.17251546278
22433463348_1,96.4710983563558
22433463348_2,67.9857646662259
22433463348_3,8432.03887744641
22433463348_4,16509.949440106902
22433463348_5,247534.37039039904
22433463348_6,113028.79372899249
22433463348_7,18178.092874283724
22433463348_8,48579.83928753453
22433463348_9,6594.3628658863245
22433463348_10,114684.44337413117
22194790950_1,133.25908624527474
22194790950_2,108.68147600728241
22194790950_3,4618.012070652598
22194790950_4,3235.6173233428267
22194790950_5,51021.417422400526
22194790950_6,287084.39960545325
22194790950_7,5181.587848982865
22194790950_8,35858.298749787245
22194790950_9,29111.758181690187
22194790950_10,113550.13658129878
22908283921_1,169.11790000718796
22908283921_2,300.332040893121
22908283921_3,7143.2686830657485
22908283921_4,16735.271050492218
22908283921_5,322353.6773555935
22908283921_6,520383.1841901035
22908283921_7,6022.052300837322
22908283921_8,23691.42821018732
22908283921_9,30240.351466034426
22908283921_10,95627.02557629805
22154007531_1,15.000418394682725
22154007531_2,354.5544378313743
22154007531_3,5462.969866246233
22154007531_4,15867.048290923607
22154007531_5,202165.44746632007
22154007531_6,268594.36112783104
22154007531_7,12531.211446684361
22154007531_8,44962.356508448735
22154007531_9,173.68926972675968
22154007531_10,138440.28843993397
22475943254_1,169.29606898503533
22475943254_2,117.96917349630219
22475943254_3,6816.656445508355
22475943254_4,9814.550641558384
22475943254_5,422201.64147909876
22475943254_6,319289.838248071
22475943254_7,2374.930710196915
22475943254_8,69115.27594492154
22475943254_9,29156.633834649136
22475943254_10,108410.6897107838
22401990987_1,49.247974995807844
22401990987_2,105.65871792135957
22401990987_3,4663.354711228413
22401990987_4,19769.189484773557
22401990987_5,19149.72880092596
22401990987_6,498762.12437075254
22401990987_7,13581.825083120615
22401990987_8,62387.29787003098
22401990987_9,35197.0403576715
22401990987_10,90804.74773466181
22243716555_1,144.63872365255006
22243716555_2,49.83964045297726
22243716555_3,7520.6458246077
22243716555_4,14016.296731695758
22243716555_5,136007.65017182217
22243716555_6,342397.9383536047
22243716555_7,15234.608899486137
22243716555_8,41439.08477646476
22243716555_9,40313.50752071523
22243716555_10,23825.02238611671
22461738058_1,34.66310917631523
22461738058_2,445.9499350701827
22461738058_3,8146.8580531275975
22461738058_4,6308.181438011801
22461738058_5,154768.25659196405
22461738058_6,494199.91349087557
22461738058_7,11243.964021340944
22461738058_8,48017.54605204269
22461738058_9,40135.27809560509
22461738058_10,30575.8548810245
22495920423_1,116.9978063857203
22495920423_2,175.88329098901
22495920423_3,3605.6992571686537
22495920423_4,17085.926292369288
22495920423_5,344414.98887233896
22495920423_6,434835.4233946674
22495920423_7,6232.158546430537
22495920423_8,34696.322857931715
22495920423_9,41053.99396791218
22495920423_10,48764.66219752124
22392888841_1,134.0504174762479
22392888841_2,126.93653279777243
22392888841_3,1136.0533235490298
22392888841_4,4140.161074121548
22392888841_5,320667.12553117384
22392888841_6,124563.89452342162
22392888841_7,15528.85895642997
22392888841_8,13888.46451564545
22392888841_9,16499.00195561987
22392888841_10,172952.01313416616
22342493113_1,56.81194718880971
22342493113_2,174.8883470314705
22342493113_3,8713.88215306602
22342493113_4,6875.063054352222
22342493113_5,147578.31138374069
22342493113_6,73005.31489559825
22342493113_7,5071.650765922196
22342493113_8,29575.614639584142
22342493113_9,48168.02953210657
22342493113_10,186954.0657600367
22941739848_1,106.7263897245771
22941739848_2,288.2761841466332
22941739848_3,2106.0956056219684
22941739848_4,9468.11634750684
22941739848_5,3778.7391205612103
22941739848_6,257741.48813693866
22941739848_7,19657.333832439916
22941739848_8,27822.249182581683
22941739848_9,14442.304804792764
22941739848_10,99127.59672984353
22769873435_1,156.48751103764116
22769873435_2,141.2269547717373
22769873435_3,5772.812312671598
22769873435_4,9688.666214032339
22769873435_5,336628.05323404114
22769873435_6,131645.85590206608
22769873435_7,15857.959960663204
22769873435_8,67353.20844483316
22769873435_9,9947.06138450926
22769873435_10,199095.31381928024
22790956368_1,88.8818711756368
22790956368_2,17.415770992433572
22790956368_3,1932.8141926590486
22790956368_4,18004.736461144552
22790956368_5,398982.9510320943
22790956368_6,231233.22302383758
22790956368_7,17050.76372894421
22790956368_8,47036.916314364054
22790956368_9,41389.65869347356
22790956368_10,13218.148216770678
22554072151_1,46.025460331819446
22554072151_2,225.32244948170884
22554072151_3,1870.3761299976582
22554072151_4,10285.30700113021
22554072151_5,198889.04218581173
22554072151_6,429075.31480299507
22554072151_7,5895.470184089771
22554072151_8,3120.505313880906
22554072151_9,42069.089150954715
22554072151_10,10110.116423237729
22829221208_1,136.73518602633064
22829221208_2,6.333373995223161
22829221208_3,8753.29924967897
22829221208_4,3668.491140842888
22829221208_5,293828.3272676113
22829221208_6,400328.3480990007
22829221208_7,5229.758352083078
22829221208_8,33096.156608790705
22829221208_9,9638.213213529729
22829221208_10,45702.73532615786
22514650899_1,144.4802773617142
22514650899_2,225.8362387212279
22514650899_3,8822.714545279729
22514650899_4,17861.70856126456
22514650899_5,224319.0706099213
22514650899_6,70023.47373058027
22514650899_7,14932.993397714705
22514650899_8,48257.967842632184
22514650899_9,49889.70163412423
22514650899_10,191170.47625903186
22962086693_1,194.5882823177169
22962086693_2,297.0649686379275
22962086693_3,6926.775510883204
22962086693_4,9326.57845998286
22962086693_5,227017.5245261918
22962086693_6,525885.432922027
22962086693_7,9059.85193382951
22962086693_8,21131.89559580024
22962086693_9,8801.274272320718
22962086693_10,91586.26925771989
22654551676_1,4.722151666932783
22654551676_2,476.9343405514491
22654551676_3,1999.364693855554
22654551676_4,3689.7755815912865
22654551676_5,364019.91831396485
22654551676_6,384992.8404662022
22654551676_7,3744.694251005245
22654551676_8,33730.210674458875
22654551676_9,26987.397090684626
22654551676_10,77749.35007674289
22397349653_1,125.8164319086312
22397349653_2,381.2079486935322
22397349653_3,3231.241559538137
22397349653_4,2987.1672868660416
22397349653_5,384832.9801104601
22397349653_6,127996.00959780344
22397349653_7,2952.1462970127745
22397349653_8,27985.02458718872
22397349653_9,37094.55219916013
22397349653_10,131708.70428234342
22026345223_1,165.33783428527153
22026345223_2,495.8476759407223
22026345223_3,1600.7230061004122
22026345223_4,11917.101894912148
22026345223_5,380864.9139782672
22026345223_6,111560.3944053347
22026345223_7,6545.577568769783
22026345223_8,33424.149087069876
22026345223_9,47845.06173821017
22026345223_10,42555.49261086772
22076468087_1,130.42498343184576
22076468087_2,309.6193759403888
22076468087_3,7320.828864531665
22076468087_4,11315.119401162607
22076468087_5,50779.33985383342
22076468087_6,219097.9936518028
22076468087_7,9473.138844580299
22076468087_8,60645.998550912016
22076468087_9,22912.381272615043
22076468087_10,25779.99729108927
22348376210_1,190.77657630237138
22348376210_2,66.92165111949653
22348376210_3,3662.662073783866
22348376210_4,1745.273562100077
22348376210_5,485611.8056889131
22348376210_6,12387.473246398506
22348376210_7,7321.48696639837
22348376210_8,4257.426285551608
22348376210_9,26000.88416095237
22348376210_10,60645.920224101654
22601756371_1,123.81471898078883
22601756371_2,158.80700677296792
22601756371_3,7622.018209917298
22601756371_4,11562.609861775818
22601756371_5,307141.7571868218
22601756371_6,443092.95281032677
22601756371_7,9897.72246636547
22601756371_8,27992.92051437425
22601756371_9,35052.92123019524
22601756371_10,165398.871436106
22092117160_1,176.51668791792284
22092117160_2,137.4970050132443
22092117160_3,9372.844325673383
22092117160_4,15107.82583856495
22092117160_5,310595.9234096039
22092117160_6,169383.19855590613
22092117160_7,13031.031622035838
22092117160_8,29686.01909788523
22092117160_9,12929.84098951344
22092117160_10,130442.92981313055
22541674268_1,15.906442474274174
22541674268_2,199.22055025571134
22541674268_3,3562.3902586797703
22541674268_4,9229.730418507614
22541674268_5,193739.33750273404
22541674268_6,353117.10281780927
22541674268_7,5558.365368996739
22541674268_8,26479.238535466277
22541674268_9,41285.289901641896
22541674268_10,170775.2742385006
22512629215_1,109.10975064735112
22512629215_2,229.56579164793868
22512629215_3,6420.329127413411
22512629215_4,14955.245542716622
22512629215_5,482578.88031117263
22512629215_6,89002.41941837124
22512629215_7,5520.11288365745
22512629215_8,30076.47186568765
22512629215_9,10274.850166198952
22512629215_10,169430.59580943984
22338738058_1,3.3562819615359674
22338738058_2,165.4420913062625
22338738058_3,2303.4801551077194
22338738058_4,13723.22690539021
22338738058_5,218956.5169924604
22338738058_6,500166.6973340967
22338738058_7,18720.067458255347
22338738058_8,49925.37896317635
22338738058_9,2609.2212912101463
22338738058_10,121726.88514597148
22071233876_1,46.130940679095865
22071233876_2,377.4523054990474
22071233876_3,7953.170521303264
22071233876_4,7340.315935098524
22071233876_5,113017.34483903424
22071233876_6,97822.54852513863
22071233876_7,11143.744187170014
22071233876_8,10542.445807032309
22071233876_9,20247.745099812335
22071233876_10,139117.88627934793
22039874802_1,115.72051315786479
22039874802_2,266.9425624560247
22039874802_3,6933.766674043145
22039874802_4,14196.414983148197
22039874802_5,218045.86262900563
22039874802_6,108304.40523378724
22039874802_7,10037.122380806833
22039874802_8,63736.243527542334
22039874802_9,6929.544082452971
22039874802_10,79915.51633686587
22595660027_1,199.24966431082612
22595660027_2,351.9562834359733
22595660027_3,9312.695459978082
22595660027_4,17965.969263686402
22595660027_5,436775.45074721484
22595660027_6,454254.5452305315
22595660027_7,14783.079972471945
22595660027_8,11949.786649010239
22595660027_9,36674.88537365383
22595660027_10,160971.87189612884
22018624751_1,141.99575233784756
22018624751_2,108.38796755178853
22018624751_3,920.1126582907523
22018624751_4,2923.6923972567224
22018624751_5,400107.7424688266
22018624751_6,75270.59081706079
22018624751_7,16717.355572238383
22018624751_8,13036.726585284212
22018624751_9,46828.80375746744
22018624751_10,100265.9468305166
22283704068_1,11.32578219324496
22283704068_2,5.940060795159213
22283704068_3,4035.9655960350583
22283704068_4,6686.179273248442
22283704068_5,265458.96058814944
22283704068_6,489672.72095768165
22283704068_7,19001.278664581932
22283704068_8,61415.67718429859
22283704068_9,48181.99711165832
22283704068_10,13962.944090550413
22560355814_1,189.5990681629512
22560355814_2,374.91556594042794
22560355814_3,3680.673672207768
22560355814_4,4392.805111862523
22560355814_5,403234.0523230541
22560355814_6,310295.172390328
22560355814_7,11928.278842775422
22560355814_8,47567.94882219762
22560355814_9,16543.221217584203
22560355814_10,25445.46370532642
22304198987_1,150.61660363531266
22304198987_2,290.7945474731242
22304198987_3,5118.937159914337
22304198987_4,1758.2207684732919
22304198987_5,230217.86785762952
22304198987_6,76716.77887544368
22304198987_7,16143.791262168377
22304198987_8,45167.18917226111
22304198987_9,1838.8308292010506
22304198987_10,104732.06316833085
22556970455_1,44.41637788638198
22556970455_2,399.1727556010391
22556970455_3,6974.897657425272
22556970455_4,454.5656562907574
22556970455_5,19537.425491452523
22556970455_6,185082.61794035663
22556970455_7,5413.883782942775
22556970455_8,52185.810140672074
22556970455_9,5123.4927346145905
22556970455_10,180246.0831380366
22335955861_1,49.339487989075
22335955861_2,46.79470945208129
22335955861_3,9663.016578823797
22335955861_4,16670.913935437417
22335955861_5,31882.379971872917
22335955861_6,171259.2540218903
22335955861_7,18377.439093272325
22335955861_8,14471.69910438573
22335955861_9,6491.810864186063
22335955861_10,199373.3444592597
22158190406_1,67.79668929082526
22158190406_2,366.5905645695788
22158190406_3,4552.058760600219
22158190406_4,18102.835286808746
22158190406_5,239330.67042224988
22158190406_6,422608.01617428183
22158190406_7,14556.011470421981
22158190406_8,36284.712063592146
22158190406_9,35492.03829256415
22158190406_10,46565.4872313322
22556719142_1,144.33412157248128
22556719142_2,445.2734930946223
22556719142_3,4644.656650817299
22556719142_4,15204.265055116679
22556719142_5,243202.95130848698
22556719142_6,386109.1952041155
22556719142_7,12530.975943539668
22556719142_8,32187.327770465807
22556719142_9,46580.33421518857
22556719142_10,15161.065930730321
22497419095_1,134.5316399065733
22497419095_2,272.9746071208681
22497419095_3,5826.440400940749
22497419095_4,19289.056975193478
22497419095_5,150887.38511670617
22497419095_6,340032.8954403687
22497419095_7,4192.735240687341
22497419095_8,28726.759803957313
22497419095_9,13120.859935914954
22497419095_10,6931.818987249897
22584507059_1,102.03085605893523
22584507059_2,487.45982847825906
22584507059_3,7873.931053295466
22584507059_4,8506.36629425459
22584507059_5,150712.2598634731
22584507059_6,413514.73553908395
22584507059_7,17705.02759411382
22584507059_8,56896.46579996797
22584507059_9,11246.386374859248
22584507059_10,155605.04130040316
22173964120_1,2.115200179581728
22173964120_2,460.12722522055066
22173964120_3,3351.1391801993755
22173964120_4,19885.79676864799
22173964120_5,239851.50222358873
22173964120_6,358238.99090837885
22173964120_7,1388.2764914061622
22173964120_8,22360.011461062037
22173964120_9,13929.856840366645
22173964120_10,126881.29579949105
22423295142_1,14.36023910224298
22423295142_2,106.48767969174393
22423295142_3,4954.1846642370265
22423295142_4,15715.09673007957
22423295142_5,286224.7973976074
22423295142_6,512371.26287601027
22423295142_7,17329.32461982411
22423295142_8,60336.81980086588
22423295142_9,30470.741513159017
22423295142_10,89782.72118833009
22884203008_1,23.953813171380354
22884203008_2,344.65393173681264
22884203008_3,49.40802536018008
22884203008_4,19973.8502496544
22884203008_5,373484.4582170926
22884203008_6,167945.65322422687
22884203008_7,10190.553953013974
22884203008_8,69414.88514110968
22884203008_9,33317.71684982801
22884203008_10,153382.08016215882
22805406406_1,27.07202051488472
22805406406_2,214.6104081436824
22805406406_3,9588.700711069403
22805406406_4,334.1440784384724
22805406406_5,327907.32189535134
22805406406_6,511767.56525644223
22805406406_7,3057.1716231844557
22805406406_8,9136.535241022422
22805406406_9,37139.71913962343
22805406406_10,82445.86471243588
22591193872_1,24.61712441779611
22591193872_2,319.75677730028985
22591193872_3,2376.3411605929164
22591193872_4,5346.113831936528
22591193872_5,65748.33572009238
22591193872_6,14037.482063258873
22591193872_7,12496.117574117516
22591193872_8,19810.882850110964
22591193872_9,27495.34852226617
22591193872_10,59729.91954181491
22883624880_1,44.928567193096825
22883624880_2,387.65177377746926
22883624880_3,2964.8580135580337
22883624880_4,2028.5925145761712
22883624880_5,86623.19465224256
22883624880_6,155057.23491261498
22883624880_7,6793.844207500067
22883624880_8,38603.602932549264
22883624880_9,39186.80150221246
22883624880_10,82644.85398947392
22977261148_1,114.2266142490937
22977261148_2,81.56716083878781
22977261148_3,9046.212266714243
22977261148_4,5890.971035223192
22977261148_5,303461.67411952344
22977261148_6,566475.5431312089
22977261148_7,12354.762004614497
22977261148_8,68374.06805047617
22977261148_9,28267.97506747825
22977261148_10,35545.94550771068
22341442203_1,93.54870010799043
22341442203_2,115.24731321775832
22341442203_3,2900.4795106498555
22341442203_4,18181.54749710179
22341442203_5,222949.9871416928
22341442203_6,249125.7882611595
22341442203_7,2097.845975926503
22341442203_8,2056.6472663809895
22341442203_9,24332.50234962533
22341442203_10,111059.27679997645
22196820946_1,144.1779812669425
22196820946_2,498.7909842246778
22196820946_3,4864.151679125092
22196820946_4,10681.454207673212
22196820946_5,432082.3455645003
22196820946_6,381132.81252867886
22196820946_7,14004.314928443604
22196820946_8,68961.87932953276
22196820946_9,34618.06502911511
22196820946_10,92422.88835310987
22047660674_1,86.85111424034999
22047660674_2,368.81362520657456
22047660674_3,2439.3100223139904
22047660674_4,4199.842488443562
22047660674_5,352192.06582465756
22047660674_6,50859.17441434129
22047660674_7,16720.258807063405
22047660674_8,51590.298855561574
22047660674_9,35551.83321548195
22047660674_10,61262.47274728702
22789132468_1,28.23115638899663
22789132468_2,41.17305625722373
22789132468_3,1480.238922928907
22789132468_4,9524.501417941352
22789132468_5,344257.6954342985
22789132468_6,432864.4190368421
22789132468_7,13720.661216063172
22789132468_8,68408.92488848248
22789132468_9,15594.109593285175
22789132468_10,166953.66792814306
22530026375_1,2.782182985317685
22530026375_2,13.86795928511371
22530026375_3,1503.861823235656
22530026375_4,13815.67835797476
22530026375_5,4472.962079122517
22530026375_6,224573.40488298913
22530026375_7,6993.786744394076
22530026375_8,28966.413743546666
22530026375_9,37421.43539991828
22530026375_10,79388.2483121853
22238369505_1,25.91191961414867
22238369505_2,61.165997896351634
22238369505_3,6477.292936904977
22238369505_4,17734.57908779755
22238369505_5,127830.64670210505
22238369505_6,198092.47368832544
22238369505_7,17023.67342086945
22238369505_8,64120.17527911606
22238369505_9,24908.073527585035
22238369505_10,171298.4823862421
22295513128_1,154.10686192535024
22295513128_2,98.60674986627292
22295513128_3,6062.989675552367
22295513128_4,15732.404800557431
22295513128_5,67362.18391678201
22295513128_6,508898.54307545756
22295513128_7,5620.52410780131
22295513128_8,32839.626218248486
22295513128_9,48443.791769318035
22295513128_10,101431.0464110359
22893026883_1,120.0266957365684
22893026883_2,224.96592552060338
22893026883_3,8968.37183635979
22893026883_4,4672.629890665015
22893026883_5,429689.1081996855
22893026883_6,126712.46928583454
22893026883_7,17539.26128393714
22893026883_8,69743.71598374091
22893026883_9,39805.48159373453
22893026883_10,60467.87039475413
22563458845_1,185.38085690854868
22563458845_2,384.47250252041795
22563458845_3,9167.952179641576
22563458845_4,8352.91368713559
22563458845_5,472360.7484891728
22563458845_6,552651.188227858
22563458845_7,6770.715043099906
22563458845_8,22601.600733222145
22563458845_9,37994.77460037679
22563458845_10,182970.37816021618
22938456969_1,155.8172127765498
22938456969_2,385.6076501529134
22938456969_3,5145.433552434802
22938456969_4,16907.88256576201
22938456969_5,101195.71918832885
22938456969_6,541490.8454434621
22938456969_7,7342.332802026727
22938456969_8,56080.637627285294
22938456969_9,42790.06077193249
22938456969_10,135412.09255957004
22641104467_1,32.13561475231548
22641104467_2,407.7921815223432
22641104467_3,225.60907189914644
22641104467_4,6230.579820104834
22641104467_5,63924.13620288017
22641104467_6,580299.5952243228
22641104467_7,2948.1077638009133
22641104467_8,41326.34296778518
22641104467_9,44133.68199626838
22641104467_10,80781.85530056563
22237558382_1,38.214017086897215
22237558382_2,337.51897105460307
22237558382_3,8269.507882873162
22237558382_4,5277.830249257032
22237558382_5,241731.24523066782
22237558382_6,372300.9475206313
22237558382_7,7648.173977821493
22237558382_8,25815.611121059686
22237558382_9,47969.95954400002
22237558382_10,192741.31523844675
22370308613_1,60.587463788074075
22370308613_2,255.5760533678186
22370308613_3,4875.191830139261
22370308613_4,1320.288819974335
22370308613_5,129228.48046726259
22370308613_6,5293.743238800961
22370308613_7,14551.364518672515
22370308613_8,58009.727966732324
22370308613_9,9153.181933275459
22370308613_10,93789.37824306333
22194354553_1,132.1498415351465
22194354553_2,443.56195597311586
22194354553_3,4752.264378637636
22194354553_4,7683.278108904797
22194354553_5,177039.85982700044
22194354553_6,511981.9640942605
22194354553_7,3385.24173903728
22194354553_8,43913.43498986493
22194354553_9,4822.577449573242
22194354553_10,24483.633686240722
22964496328_1,112.36493087835758
22964496328_2,216.5093950170505
22964496328_3,6284.207328722304
22964496328_4,544.5729955287356
22964496328_5,131113.40638036907
22964496328_6,61752.43191848355
22964496328_7,3543.105887550625
22964496328_8,13784.725680602733
22964496328_9,36704.20945918595
22964496328_10,1948.059247272428
22742633342_1,114.96947940693268
22742633342_2,57.11877091319544
22742633342_3,5806.144910003909
22742633342_4,4368.13772316296
22742633342_5,382187.3096057276
22742633342_6,544173.530597484
22742633342_7,14464.474493249045
22742633342_8,24454.895332336593
22742633342_9,3650.581072824713
22742633342_10,180024.50706178753
22634090588_1,59.376769049980766
22634090588_2,224.84277978745115
22634090588_3,5618.1237178657375
22634090588_4,4566.556316279256
22634090588_5,336349.1803865831
22634090588_6,189073.94322425537
22634090588_7,10275.715508579786
22634090588_8,41169.98514419394
22634090588_9,2607.0925652124856
22634090588_10,61105.22614779398
22108899644_1,22.991074539111217
22108899644_2,309.04716734313865
22108899644_3,8545.468904390784
22108899644_4,10728.372366506132
22108899644_5,398863.37451940175
22108899644_6,560782.2029846814
22108899644_7,15375.715926741694
22108899644_8,19623.859259166715
22108899644_9,8105.275343376659
22108899644_10,94066.00335652604
22954063690_1,190.9364778610275
22954063690_2,201.28845391091392
22954063690_3,5090.7573162224935
22954063690_4,8636.692793674118
22954063690_5,279311.5364683913
22954063690_6,569186.3195651233
22954063690_7,12245.379549622063
22954063690_8,43930.43384449756
22954063690_9,24853.93866591791
22954063690_10,20549.515594890534
22831289131_1,20.154723495323772
22831289131_2,416.28833510263917
22831289131_3,555.2444789050492
22831289131_4,12307.80889492732
22831289131_5,66301.74169741746
22831289131_6,540845.4577656393
22831289131_7,946.3370057124615
22831289131_8,38256.01366936896
22831289131_9,15692.160112958512
22831289131_10,68742.9814366898
22800052278_1,32.52862126889451
22800052278_2,430.2575754909629
22800052278_3,3718.8650329592574
22800052278_4,16520.777035218933
22800052278_5,214349.5659047405
22800052278_6,333157.87218498805
22800052278_7,6.7721967052779215
22800052278_8,63481.237608100644
22800052278_9,10810.546194129909
22800052278_10,179755.21734419584
22002932067_1,82.61509551873657
22002932067_2,181.12794772163736
22002932067_3,3757.287117142764
22002932067_4,578.7056143783022
22002932067_5,304160.16137725936
22002932067_6,166928.3303779865
22002932067_7,17100.318856821443
22002932067_8,813.738538079405
22002932067_9,8595.478974447286
22002932067_10,154577.7902697
22799323565_1,50.81593466981916
22799323565_2,23.41187425101287
22799323565_3,7125.7009640189735
22799323565_4,705.044204604559
22799323565_5,486139.62458279636
22799323565_6,361550.4769728494
22799323565_7,1468.0373678351464
22799323565_8,68551.62667416263
22799323565_9,19148.652682214342
22799323565_10,126422.3825244213
22477129510_1,85.37304974198547
22477129510_2,334.61759896933904
22477129510_3,8302.69783401198
22477129510_4,4943.49374535218
22477129510_5,469743.3849423899
22477129510_6,340799.45999456407
22477129510_7,4046.892636413173
22477129510_8,56386.58163865585
22477129510_9,36369.296909095094
22477129510_10,59281.9668764963
22275239486_1,41.104088675688544
22275239486_2,56.77218109914514
22275239486_3,6109.6047314801845
22275239486_4,4751.192119145297
22275239486_5,370324.4735208847
22275239486_6,458695.3181053492
22275239486_7,1653.7358663740204
22275239486_8,51002.745294502696
22275239486_9,48819.25810594966
22275239486_10,102058.41363530712
22634002340_1,156.47831408114976
22634002340_2,63.520862215219935
22634002340_3,9881.261574921386
22634002340_4,9393.926745287234
22634002340_5,233286.52048980034
22634002340_6,250890.40921178565
22634002340_7,12204.24361158239
22634002340_8,55225.544447341665
22634002340_9,27580.58549778076
22634002340_10,92353.5351101836
22393304387_1,125.79736562460894
22393304387_2,238.92106082015025
22393304387_3,9220.519915179158
22393304387_4,5550.329277110036
22393304387_5,170316.55901957347
22393304387_6,160033.74475539342
22393304387_7,6790.673429286749
22393304387_8,2713.612002255223
22393304387_9,23844.288691163998
22393304387_10,161278.77933875535
22904547720_1,150.31069190423023
22904547720_2,321.97252211469726
22904547720_3,3852.505834533593
22904547720_4,13603.331220407534
22904547720_5,421550.4561997548
22904547720_6,296576.86401829636
22904547720_7,9260.180283450758
22904547720_8,30969.579211194075
22904547720_9,8962.116524693827
22904547720_10,177892.22472180703
22740284394_1,35.05937123884643
22740284394_2,121.40498625407477
22740284394_3,4974.929094690741
22740284394_4,12754.929041104977
22740284394_5,306886.63486699783
22740284394_6,250645.3992979161
22740284394_7,19652.16613687979
22740284394_8,66780.73929807599
22740284394_9,14370.43314422714
22740284394_10,108978.94152982564
22933083949_1,173.89134497021527
22933083949_2,369.67754118497413
22933083949_3,2232.562675865489
22933083949_4,12666.605784183306
22933083949_5,432053.4860169708
22933083949_6,306155.27720367326
22933083949_7,18649.14162329361
22933083949_8,66638.08867515041
22933083949_9,32913.7731751897
22933083949_10,49150.38036535119
22044029922_1,64.1870405980838
22044029922_2,6.41057961213917
22044029922_3,6462.098175158331
22044029922_4,16823.1800067079
22044029922_5,422391.7840979546
22044029922_6,112843.68191093559
22044029922_7,8737.72041784397
22044029922_8,525.6073976907327
22044029922_9,8651.729839631658
22044029922_10,133815.8034265014
22566411708_1,60.51273628802013
22566411708_2,426.4572434014304
22566411708_3,280.0685693538628
22566411708_4,12074.531139755147
22566411708_5,148368.56188066525
22566411708_6,451993.7388334637
22566411708_7,8400.365939211546
22566411708_8,36075.35976507483
22566411708_9,24886.91615567523
22566411708_10,114564.09435302785
22746268213_1,197.20979913271512
22746268213_2,97.53648827101487
22746268213_3,8206.3844727279
22746268213_4,4007.7580488552485
22746268213_5,445924.18027187476
22746268213_6,92847.88097070882
22746268213_7,15594.544336489971
22746268213_8,57085.84311581423
22746268213_9,39624.52052375688
22746268213_10,189226.65461450783
22973363306_1,73.49249139969615
22973363306_2,246.19174004969048
22973363306_3,8494.541400254273
22973363306_4,13530.528813639572
22973363306_5,466263.70321361173
22973363306_6,543435.903801361
22973363306_7,4150.115185797733
22973363306_8,68662.88225235668
22973363306_9,48645.94847590316
22973363306_10,81640.14356030709
22360404997_1,37.242444622831556
22360404997_2,494.780732027723
22360404997_3,8295.27442238828
22360404997_4,18896.591328129558
22360404997_5,290144.52095568937
22360404997_6,296100.9771166322
22360404997_7,8833.760945659918
22360404997_8,69394.4892336774
22360404997_9,44297.25715201224
22360404997_10,115677.83668168145
22344348079_1,146.6967619789986
22344348079_2,381.7367794011737
22344348079_3,3619.9382169587034
22344348079_4,14044.505435088116
22344348079_5,221791.84574919287
22344348079_6,410263.0402873492
22344348079_7,1905.7237288535116
22344348079_8,44561.2292284637
22344348079_9,40580.43332163101
22344348079_10,149004.8316824079
22802503691_1,83.20744376164164
22802503691_2,357.031996547412
22802503691_3,416.1570488870405
22802503691_4,14951.202098333932
22802503691_5,98928.7707476375
22802503691_6,267912.63056693494
22802503691_7,14653.794729276393
22802503691_8,36496.128214694414
22802503691_9,45579.70000498562
22802503691_10,34852.054813355986
22283737613_1,25.169570348607408
22283737613_2,334.896176642384
22283737613_3,7155.761821531798
22283737613_4,1931.7449630577664
22283737613_5,370092.57041110913
22283737613_6,565964.0369499885
22283737613_7,15379.84796810724
22283737613_8,5106.918613311346
22283737613_9,42015.21534845557
22283737613_10,26622.64746209562
22937808005_1,140.03749913154292
22937808005_2,253.09542106836057
22937808005_3,3791.520538340225
22937808005_4,2717.9479133207815
22937808005_5,110169.60777785962
22937808005_6,183069.68349924267
22937808005_7,702.2882148692617
22937808005_8,30497.157287136986
22937808005_9,45880.653476084684
22937808005_10,139800.83038606605
22159140072_1,178.3171256171949
22159140072_2,232.7157980178642
22159140072_3,5834.754820512675
22159140072_4,16769.374161461114
22159140072_5,109004.84098557713
22159140072_6,324472.79177460226
22159140072_7,8157.523192391985
22159140072_8,47873.68783031151
22159140072_9,27144.27087497452
22159140072_10,55168.490430157806
22661352620_1,141.0852255088483
22661352620_2,116.37654976957438
22661352620_3,3387.9951610546323
22661352620_4,3424.244921725595
22661352620_5,464186.7749835813
22661352620_6,86301.74234736979
22661352620_7,6778.903214577865
22661352620_8,2175.359719434349
22661352620_9,45033.38931317976
22661352620_10,193868.52151047956
22866660895_1,46.2628103374921
22866660895_2,454.2977214480875
22866660895_3,1957.5409845763113
22866660895_4,7845.844616592473
22866660895_5,160239.286647439
22866660895_6,548009.3364262291
22866660895_7,12687.932397153421
22866660895_8,36612.74750457773
22866660895_9,7902.483154564914
22866660895_10,80930.97481165537
22606122569_1,34.34361043804936
22606122569_2,461.47045140827146
22606122569_3,3519.445158410369
22606122569_4,11873.736305337889
22606122569_5,51135.77229078065
22606122569_6,399053.34145354724
22606122569_7,15562.332340400742
22606122569_8,56558.128571770605
22606122569_9,26969.980418216346
22606122569_10,97137.82933312714
22589963097_1,91.74399401673145
22589963097_2,136.38623430202207
22589963097_3,6791.712141079543
22589963097_4,10745.202506548567
22589963097_5,285101.14560375747
22589963097_6,248344.5443544982
22589963097_7,107.86310497161043
22589963097_8,7186.817996527689
22589963097_9,30792.88051843962
22589963097_10,154204.64685214614
22509507602_1,194.27364609061397
22509507602_2,439.4518591757399
22509507602_3,8059.629063559463
22509507602_4,16839.862783966113
22509507602_5,337122.262724543
22509507602_6,330620.7598935365
22509507602_7,9448.348649149013
22509507602_8,26771.834510368666
22509507602_9,42766.29698974593
22509507602_10,60967.62814121693
22816500752_1,176.8054165174811
22816500752_2,257.8710237485713
22816500752_3,7558.589919845546
22816500752_4,7247.457147621175
22816500752_5,30530.244471692644
22816500752_6,598824.923322214
22816500752_7,5730.507762099268
22816500752_8,17560.553134930098
22816500752_9,14355.592802479408
22816500752_10,113325.54941586121
22152857642_1,93.56613391808659
22152857642_2,138.88229361732212
22152857642_3,1679.1250610145019
22152857642_4,5698.592037760477
22152857642_5,331682.45777283766
22152857642_6,421556.6619083709
22152857642_7,7316.447861087636
22152857642_8,27295.13609168166
22152857642_9,32138.895358180103
22152857642_10,165574.27954015514
22432898433_1,18.537027364344706
22432898433_2,303.5865418332756
22432898433_3,5800.14143032901
22432898433_4,19296.456251578733
22432898433_5,68647.09785144597
22432898433_6,179797.1620017009
22432898433_7,17121.23342861677
22432898433_8,25705.810571631006
22432898433_9,19882.52831451938
22432898433_10,36499.18770803227
22703137224_1,195.1245804288465
22703137224_2,294.8960924884703
22703137224_3,5211.97662155303
22703137224_4,5847.388249912173
22703137224_5,186733.2681318177
22703137224_6,180650.20164675717
22703137224_7,15628.831424732178
22703137224_8,64099.78637163386
22703137224_9,3441.9209667806736
22703137224_10,40412.973371915024
22650381234_1,124.44541604215249
22650381234_2,381.5181780001101
22650381234_3,9668.539977489323
22650381234_4,12622.543796379892
22650381234_5,193358.09412511662
22650381234_6,358920.9300098765
22650381234_7,5783.125967246199
22650381234_8,48449.37266482621
22650381234_9,9110.863817622298
22650381234_10,33128.738236788915
22729121212_1,118.53429316026718
22729121212_2,449.94656896406434
22729121212_3,3484.386246951992
22729121212_4,18427.751815436655
22729121212_5,373175.9842713038
22729121212_6,477177.7262012639
22729121212_7,17750.616908548003
22729121212_8,60473.52420406667
22729121212_9,48166.833287825735
22729121212_10,198552.05263583854
22716347599_1,91.96477737588556
22716347599_2,410.25994178885827
22716347599_3,9799.917164512053
22716347599_4,455.68014555690746
22716347599_5,257819.64700523566
22716347599_6,175520.6559220556
22716347599_7,19707.256734251747
22716347599_8,69829.98683658101
22716347599_9,27537.229186092012
22716347599_10,54216.91082011774
22175645647_1,7.67280692888117
22175645647_2,135.42921781704425
22175645647_3,2193.1591285099075
22175645647_4,6202.438859447784
22175645647_5,499450.75633324165
22175645647_6,105389.19383577234
22175645647_7,14266.88130583619
22175645647_8,10350.120516553303
22175645647_9,43704.67034984981
22175645647_10,137751.53589163758
22047126859_1,15.84676961136216
22047126859_2,121.23824691477958
22047126859_3,2302.47062411865
22047126859_4,1669.7173175715968
22047126859_5,160173.63581592447
22047126859_6,541883.2634892906
22047126859_7,17689.065427261117
22047126859_8,45869.626477177444
22047126859_9,28963.810004831626
22047126859_10,10569.145857721473
22633108733_1,30.98404932174292
22633108733_2,439.49430076068256
22633108733_3,780.2189032042131
22633108733_4,18072.263359515553
22633108733_5,331346.60442337557
22633108733_6,577323.1587773768
22633108733_7,18664.2885157049
22633108733_8,60060.03409931418
22633108733_9,34627.60075634655
22633108733_10,70298.85916186345
22948497908_1,174.50709459462738
22948497908_2,45.94942839188117
22948497908_3,7862.534046264601
22948497908_4,17944.714417346575
22948497908_5,280136.84445772227
22948497908_6,366592.96057199105
22948497908_7,10069.707839025867
22948497908_8,41070.678532340826
22948497908_9,35562.124362595896
22948497908_10,95210.23331758767
22254292712_1,137.71227588709164
22254292712_2,158.76894941296715
22254292712_3,8355.927297228467
22254292712_4,7422.772335932243
22254292712_5,326155.194218491
22254292712_6,117997.55971194903
22254292712_7,18984.892384852876
22254292712_8,19701.52429127196
22254292712_9,41020.61007800728
22254292712_10,131488.98055451654
22129458765_1,103.46259944533986
22129458765_2,310.77507554169995
22129458765_3,317.5470095929342
22129458765_4,6706.895355791833
22129458765_5,109612.9722830398
22129458765_6,125779.9512814717
22129458765_7,17813.833651084846
22129458765_8,45910.10310568862
22129458765_9,34876.28236052021
22129458765_10,44552.63245883113
22269265608_1,88.44218207736712
22269265608_2,200.9251421455999
22269265608_3,5804.542591384658
22269265608_4,7609.80998374292
22269265608_5,90246.65780733926
22269265608_6,456820.0442842933
22269265608_7,11537.10979688368
22269265608_8,60892.76016323656
22269265608_9,40588.785125107635
22269265608_10,73096.91999116914
22518207594_1,126.97879541425155
22518207594_2,254.02896484271199
22518207594_3,1718.8012281268157
22518207594_4,18098.658420438318
22518207594_5,219019.13302889155
22518207594_6,85839.28033939422
22518207594_7,1311.833224885352
22518207594_8,47192.90737668107
22518207594_9,1447.2480224155624
22518207594_10,103745.26352256781
22495212930_1,12.508567415390981
22495212930_2,165.09132675237723
22495212930_3,666.9534144489393
22495212930_4,11161.334233290347
22495212930_5,396900.9263366618
22495212930_6,147133.10507551738
22495212930_7,18598.040150970995
22495212930_8,21041.26225481214
22495212930_9,25778.892908350354
22495212930_10,47082.52202404994
22262621590_1,117.33395438881183
22262621590_2,206.1313415303273
22262621590_3,8576.07250935458
22262621590_4,17124.891067940556
22262621590_5,20630.172454644227
22262621590_6,86272.76823094122
22262621590_7,15477.298469706586
22262621590_8,52263.883432270726
22262621590_9,5015.023898403309
22262621590_10,104673.41351527478
22102125406_1,176.16292693037414
22102125406_2,95.25453674113919
22102125406_3,3417.942892664112
22102125406_4,5296.368831293317
22102125406_5,125701.14638045496
22102125406_6,33092.88161565886
22102125406_7,8031.321519793105
22102125406_8,46677.85041609267
22102125406_9,48953.32140217416
22102125406_10,143891.02667335095
22975775166_1,96.27333511795551
22975775166_2,186.46706522754766
22975775166_3,1227.9226433921267
22975775166_4,11230.701208702665
22975775166_5,451908.95967285626
22975775166_6,533828.8252799351
22975775166_7,10775.909635417447
22975775166_8,47566.35397856792
22975775166_9,29893.505473246387
22975775166_10,185825.4614659706
22814658693_1,175.09030807698022
22814658693_2,169.1120617681377
22814658693_3,1357.167602842724
22814658693_4,3806.692882366073
22814658693_5,472875.0776519479
22814658693_6,332600.41424638336
22814658693_7,6230.056588620809
22814658693_8,62441.94435807509
22814658693_9,42851.274364393554
22814658693_10,104123.25334136278
22178794960_1,17.902915917996403
22178794960_2,484.8543759237516
22178794960_3,3551.4376482142434
22178794960_4,284.35494195740904
22178794960_5,363218.04346883524
22178794960_6,123814.1945237294
22178794960_7,3642.9269967323316
22178794960_8,39769.01701338614
22178794960_9,38656.091334969846
22178794960_10,191962.44919391494
22436334615_1,197.54898462606835
22436334615_2,492.4764867626536
22436334615_3,4241.500105444921
22436334615_4,14262.003902199014
22436334615_5,102753.49433537616
22436334615_6,495466.54208847065
22436334615_7,18940.981205328582
22436334615_8,25060.264593262797
22436334615_9,9832.540780628366
22436334615_10,145765.2058462089
22924854717_1,117.43174192724021
22924854717_2,423.59185244742844
22924854717_3,6714.1595263284025
22924854717_4,11357.073108746994
22924854717_5,315295.64368194714
22924854717_6,423809.539618723
22924854717_7,6341.232225925574
22924854717_8,11754.328653587114
22924854717_9,34201.88281051731
22924854717_10,112552.31501767917
22775029753_1,4.701125582739854
22775029753_2,252.45619893723486
22775029753_3,724.6810163879102
22775029753_4,3012.4228089833887
22775029753_5,275136.6529180519
22775029753_6,146826.9069093633
22775029753_7,12144.237334565176
22775029753_8,68544.94784342573
22775029753_9,4115.496668343279
22775029753_10,87278.77530072101
22241974135_1,90.80684427175605
22241974135_2,449.3999917076331
22241974135_3,1918.7093306068289
22241974135_4,18045.62006038482
22241974135_5,305852.7118943351
22241974135_6,570930.4156800362
22241974135_7,8664.871550852504
22241974135_8,45951.396604973685
22241974135_9,523.2613230308018
22241974135_10,196854.38933971408
22253457864_1,69.81442096578772
22253457864_2,452.260615921249
22253457864_3,610.1140869082461
22253457864_4,5491.9515811488445
22253457864_5,86265.0240842993
22253457864_6,109887.59373428625
22253457864_7,12809.168851787877
22253457864_8,67349.95123972
22253457864_9,15133.221230041594
22253457864_10,36399.166224951005
22709982329_1,155.77628850459655
22709982329_2,200.70250798576149
22709982329_3,3196.8938088945292
22709982329_4,12518.579904939277
22709982329_5,467041.46668177535
22709982329_6,25917.83178595946
22709982329_7,13714.395528860212
22709982329_8,25074.106619831982
22709982329_9,10655.593889260645
22709982329_10,96971.93534819162
22549617424_1,8.321994916590288
22549617424_2,248.83417189861225
22549617424_3,6290.594040579188
22549617424_4,16788.561299217694
22549617424_5,484540.7878094093
22549617424_6,426501.23380198557
22549617424_7,11871.924973668894
22549617424_8,10739.109662678358
22549617424_9,19338.66844473357
22549617424_10,147975.6237972982
22109763354_1,105.75223141063698
22109763354_2,153.37904276262975
22109763354_3,5963.859864256982
22109763354_4,478.98186163819815
22109763354_5,437549.8832470574
22109763354_6,3186.8127206553895
22109763354_7,19584.658255054357
22109763354_8,31455.790968214627
22109763354_9,28123.74685830991
22109763354_10,169593.41631028202
22688708705_1,12.13288115401493
22688708705_2,156.12613289587856
22688708705_3,3369.5030499986296
22688708705_4,12260.638339045083
22688708705_5,302107.9842441014
22688708705_6,90385.36008224577
22688708705_7,5923.473878763523
22688708705_8,48296.728472967974
22688708705_9,9058.74885410218
22688708705_10,142188.63972226088
22097214859_1,169.57484053861256
22097214859_2,118.48966394576388
22097214859_3,9511.431787826697
22097214859_4,11034.89206413684
22097214859_5,348732.00443147233
22097214859_6,430687.24505261215
22097214859_7,4741.898151096887
22097214859_8,2517.402252480537
22097214859_9,18250.81456500962
22097214859_10,24443.99487459313
22730124256_1,57.89971242869341
22730124256_2,456.74243895477576
22730124256_3,7703.164533136501
22730124256_4,6289.760486638188
22730124256_5,130822.15246839196
22730124256_6,155452.61858759733
22730124256_7,14455.161392472868
22730124256_8,44345.14322489933
22730124256_9,26874.664493549117
22730124256_10,25021.325680287875
22653450148_1,73.2990362327054
22653450148_2,112.75764109160279
22653450148_3,7640.397761061409
22653450148_4,6669.049721316528
22653450148_5,329160.9378662086
22653450148_6,350128.54303181136
22653450148_7,12684.91947258277
22653450148_8,57832.20539075824
22653450148_9,37689.4851325424
22653450148_10,76870.8431120185
22033469298_1,123.3814743086984
22033469298_2,483.8290871619049
22033469298_3,4449.891606304133
22033469298_4,11437.789205744737
22033469298_5,338352.1905210635
22033469298_6,337215.05635109486
22033469298_7,8144.545702251745
22033469298_8,69806.83433491908
22033469298_9,9777.143012331
22033469298_10,46285.59549649709
22214809733_1,37.68186910346558
22214809733_2,369.73988209145017
22214809733_3,3033.917199887257
22214809733_4,3250.5710869500326
22214809733_5,317756.4232853111
22214809733_6,155990.24315915676
22214809733_7,465.6253881953811
22214809733_8,49941.48883809893
22214809733_9,17514.083656904637
22214809733_10,196726.66305921148
22270552455_1,58.99263805418853
22270552455_2,265.95076535698036
22270552455_3,2829.391109212496
22270552455_4,8935.094536674487
22270552455_5,123307.76884509342
22270552455_6,253770.67680408905
22270552455_7,10393.929448337278
22270552455_8,61885.44652973935
22270552455_9,12225.272053039593
22270552455_10,93027.33349174382
22741657310_1,124.15254673368268
22741657310_2,210.02723193889142
22741657310_3,3180.386297792658
22741657310_4,15058.758986537116
22741657310_5,157747.40695569263
22741657310_6,510311.6483228386
22741657310_7,11632.924613866435
22741657310_8,17124.37590461462
22741657310_9,38778.787536083786
22741657310_10,160190.68687466864
22506456978_1,42.03344380235251
22506456978_2,262.25210902598224
22506456978_3,6995.8699374998905
22506456978_4,10360.808694197172
22506456978_5,413823.2561608374
22506456978_6,114265.19736911471
22506456978_7,7408.998167169507
22506456978_8,29236.548715879737
22506456978_9,17739.25790154786
22506456978_10,185872.83124607263
22342992427_1,132.17109489338472
22342992427_2,358.86929806268915
22342992427_3,4386.113028949474
22342992427_4,10470.135738283117
22342992427_5,235094.7177370559
22342992427_6,5327.972653340416
22342992427_7,12984.535000999713
22342992427_8,56426.937796361184
22342992427_9,38813.77303843228
22342992427_10,85383.8102236963
22521734326_1,5.103634480302293
22521734326_2,246.10004165682545
22521734326_3,5729.865315314393
22521734326_4,15584.50232856959
22521734326_5,391859.37136763055
22521734326_6,545490.0345633404
22521734326_7,12897.243707756976
22521734326_8,39236.24905150161
22521734326_9,40970.360101990875
22521734326_10,28086.995032486517
22913355961_1,8.528133410580065
22913355961_2,120.9783446680474
22913355961_3,4727.948791347563
22913355961_4,12114.230810138852
22913355961_5,78961.47990037175
22913355961_6,499074.088228204
22913355961_7,7400.7083585732935
22913355961_8,58992.97978792083
22913355961_9,42173.12748148069
22913355961_10,104516.71647670328
22266970547_1,18.749908210791112
22266970547_2,17.622227481979326
22266970547_3,6760.937071925644
22266970547_4,7166.6651573723275
22266970547_5,331979.2720896647
22266970547_6,56866.905831569704
22266970547_7,2241.1408089750644
22266970547_8,44820.30066116229
22266970547_9,22454.36860537458
22266970547_10,132273.88444640997
22533898841_1,123.61012521864804
22533898841_2,134.37922438007337
22533898841_3,2296.3381867236753
22533898841_4,10061.713677617647
22533898841_5,92938.50701235201
22533898841_6,457693.9721818726
22533898841_7,1936.7135439899166
22533898841_8,4705.3193471110835
22533898841_9,42086.5793399483
22533898841_10,137047.39011819824
